Name,Phone Number,Buyer/Channel Partner/Enquiry/Site Visit
Hari Subramanian,6682751893,Enquiry
Siddharth Tripathi,7564209312,Buyer
Anand Pillai,6941460145,Site Visit
Anika Verma,7265774428,Buyer
Rahul Kulkarni,9064578569,Enquiry
Diya Shetty,8960094575,Buyer
Krishna Roy,8234300072,Enquiry
Tanvi Reddy,9105578047,Channel Partner
Shreya Iyer,7711435375,Buyer
Vikram Iyer,6193180901,Site Visit
Dinesh Tripathi,9618011434,Buyer
Suresh Sundaram,6510663316,Channel Partner
Nisha Gupta,9829126485,Buyer
Aditya Krishnan,8731762453,Channel Partner
Azhagu Rao,9293853730,Site Visit
Divya Mukherjee,7279311607,Channel Partner
Vivaan Reddy,7327767523,Buyer
Sneha Das,6932170500,Site Visit
Ramesh Verma,9568645436,Site Visit
Vihaan Bhat,7374632477,Site Visit
Gopal Patel,9169195408,Site Visit
Gopal Chauhan,8762315986,Channel Partner
Ayaan Yadav,6490300165,Buyer
Hari Joshi,7340629397,Enquiry
Diya Shetty,7177195771,Site Visit
Vihaan Jain,7587127390,Channel Partner
Sai Arora,6390323177,Buyer
Ira Kulkarni,8648913600,Buyer
Aarav Jain,8207030495,Buyer
Arjun Reddy,6223105030,Channel Partner
Neha Kumar,8936388913,Enquiry
Aditya Naidu,8246128778,Enquiry
Dinesh Jain,6865368740,Enquiry
Krishna Pandey,7923574064,Site Visit
Divya Pillai,8559554478,Buyer
Arjun Malhotra,7240770966,Channel Partner
Shreya Rao,7095768375,Channel Partner
Neha Mukherjee,8137116632,Enquiry
Sneha Narayanan,9006798755,Enquiry
Azhagu Jain,6022021263,Enquiry
Naveen Balaji,9320083188,Buyer
Vihaan Rao,8026424848,Site Visit
Vasudevan Tripathi,6114459232,Site Visit
Nisha Nair,8652792943,Channel Partner
Krishna Venkatesh,6801061210,Channel Partner
Meera Narayanan,9478274247,Channel Partner
Ayaan Joshi,9193001215,Channel Partner
Aditya Jain,7428565653,Site Visit
Azhagu Aggarwal,7294384972,Buyer
Vivaan Krishnan,9757600866,Buyer
Nisha Kapoor,7821262155,Site Visit
Meera Nair,8408047906,Buyer
Nisha Tripathi,7423552326,Site Visit
Shreya Verma,6259577424,Site Visit
Pranav Yadav,7627611614,Buyer
Ira Roy,9397040587,Site Visit
Aadhya Chauhan,7103168630,Buyer
Navaneethan Mukherjee,7065173961,Buyer
Anand Rao,7606243870,Buyer
Dinesh Shetty,9056563349,Enquiry
Tanvi Arora,9652671671,Channel Partner
Tanvi Verma,6713783138,Enquiry
Riya Tripathi,9608563284,Site Visit
Akash Reddy,7912457063,Buyer
Suresh Bhat,9406744218,Enquiry
Anand Aggarwal,8403143886,Site Visit
Ganesh Ramaswamy,8927628503,Enquiry
Ananya Bhat,7313554459,Site Visit
Ishita Jain,7814949682,Channel Partner
Aarav Kapoor,6009176565,Enquiry
Sai Jain,8411335268,Enquiry
Rahul Ramaswamy,6057439230,Site Visit
Aditya Tripathi,7765755391,Enquiry
Karthik Kapoor,6083762817,Enquiry
Azhagu Pandey,6535027729,Buyer
Ayaan Mukherjee,7843230883,Enquiry
Anika Kumar,9787038795,Site Visit
Priya Verma,6732105450,Site Visit
Aarav Aggarwal,6433945965,Buyer
Vikram Sundaram,8399609007,Channel Partner
Rohan Reddy,7185252864,Buyer
Nisha Tripathi,6654578486,Enquiry
Arjun Yadav,9739746410,Channel Partner
Anika Kapoor,8991237357,Enquiry
Shreya Patel,8566474661,Channel Partner
Janani Kumar,9983702514,Channel Partner
Hari Reddy,9280197309,Channel Partner
Ayaan Gupta,9234343039,Channel Partner
Ramesh Subramanian,7490395764,Site Visit
Harish Naidu,8015451112,Buyer
Suresh Bose,7175750309,Buyer
Vasudevan Malhotra,9022775753,Enquiry
Vivaan Rao,8726719752,Buyer
Dinesh Jain,8242560489,Enquiry
Reyansh Iyer,7588080098,Site Visit
Ayaan Subramanian,6966675046,Buyer
Saanvi Roy,7352337786,Enquiry
Ganesh Joshi,6768150114,Site Visit
Arjun Chauhan,7155616383,Enquiry
Ishaan Verma,8844616875,Enquiry
Dinesh Joshi,9720285613,Enquiry
Rohan Joshi,7392010271,Site Visit
Kavya Tripathi,8858006567,Buyer
Ananya Joshi,8958225941,Buyer
Kavya Mehta,8443425458,Buyer
Reyansh Pandey,7503099090,Channel Partner
Naveen Subramanian,9720866662,Enquiry
Myra Bhat,7396103491,Buyer
Navaneethan Mehta,8294401555,Site Visit
Tanvi Nair,6657203516,Buyer
Ira Ramaswamy,8989885695,Site Visit
Anand Pillai,7409261619,Buyer
Dinesh Sundaram,7207372122,Site Visit
Naveen Kapoor,8084749779,Channel Partner
Ganesh Chatterjee,6556350612,Channel Partner
Rahul Jain,7001002470,Enquiry
Ira Aggarwal,8249885205,Enquiry
Ishita Pillai,6353616997,Channel Partner
Neha Kulkarni,6595421859,Enquiry
Sai Rao,7644717618,Buyer
Karthik Sundaram,7005620428,Channel Partner
Neha Kulkarni,9240364141,Channel Partner
Ganesh Patel,8095724861,Channel Partner
Sneha Kulkarni,9365163715,Channel Partner
Dinesh Malhotra,7299414772,Enquiry
Rahul Naidu,6132692083,Buyer
Sai Kulkarni,7373772733,Site Visit
Pooja Mehta,7511480880,Site Visit
Janani Das,8180946960,Channel Partner
Priya Sharma,8986758587,Channel Partner
Ayaan Kulkarni,8463427382,Enquiry
Tanvi Narayanan,8184276820,Site Visit
Ishita Menon,9178227325,Channel Partner
Aditya Chauhan,6471044106,Buyer
Gopal Singh,9274499571,Buyer
Krishna Subramanian,9964171749,Site Visit
Akash Rao,8999570263,Channel Partner
Siddharth Narayanan,9367970020,Channel Partner
Vasudevan Chatterjee,7863296457,Buyer
Rahul Shetty,7728558277,Buyer
Riya Gupta,9190187346,Buyer
Ishita Rao,8598768757,Site Visit
Rohan Yadav,7058366934,Site Visit
Kavya Sundaram,9410511370,Channel Partner
Riya Kumar,6299571813,Buyer
Ishaan Sharma,7473875085,Enquiry
Ramesh Aggarwal,6896174750,Site Visit
Naveen Yadav,7782122418,Channel Partner
Pooja Arora,9476904382,Enquiry
Sneha Menon,6295134620,Channel Partner
Meera Krishnan,7733168887,Enquiry
Vihaan Ramaswamy,7321230713,Site Visit
Kavya Naidu,6112772143,Site Visit
Naveen Kumar,7341972986,Channel Partner
Aditya Roy,8689436097,Site Visit
Lakshmi Kapoor,8509693779,Enquiry
Reyansh Rao,7872891034,Enquiry
Ananya Pillai,6020502980,Enquiry
Nisha Krishnan,6418475289,Site Visit
Ira Singh,6067712977,Enquiry
Anika Pandey,9036356421,Buyer
Ira Kapoor,7074766470,Channel Partner
Reyansh Roy,9455907545,Channel Partner
Vivaan Pandey,9336836298,Buyer
Anand Balaji,8725607708,Channel Partner
Aarav Krishnan,7811563469,Buyer
Karthik Roy,8015609946,Enquiry
Ganesh Chauhan,9346708639,Site Visit
Lakshmi Patel,7301491913,Site Visit
Kavya Pillai,8907288426,Buyer
Neha Chauhan,9506592288,Site Visit
Anika Nair,7080641008,Channel Partner
Nisha Pillai,7195028486,Enquiry
Sai Bose,6866192115,Buyer
Naveen Singh,6709173074,Enquiry
Nisha Aggarwal,7196190933,Buyer
Vasudevan Naidu,8459437746,Buyer
Akash Menon,7368846023,Enquiry
Diya Narayanan,6554076806,Buyer
Janani Sharma,7349640981,Channel Partner
Krishna Arora,9458372328,Site Visit
Ira Das,9670412606,Enquiry
Divya Mehta,9592686870,Site Visit
Aadhya Krishnan,6627041072,Enquiry
Krishna Das,6446248641,Buyer
Lakshmi Roy,7824972856,Buyer
Akash Iyer,9127986777,Site Visit
Suresh Tripathi,9797626609,Channel Partner
Vasudevan Kumar,9578203283,Buyer
Rohan Malhotra,7004278562,Site Visit
Janani Arora,8866453601,Channel Partner
Janani Rao,6978972821,Site Visit
Lakshmi Kumar,6513518801,Enquiry
Ira Chatterjee,9339721639,Site Visit
Shreya Saxena,8322624835,Enquiry
Anand Sundaram,9101208334,Enquiry
Reyansh Bose,9059667956,Buyer
Tanvi Chatterjee,6956048123,Site Visit
Neha Naidu,7319295201,Channel Partner
Navaneethan Chauhan,8850939577,Buyer
Aadhya Aggarwal,9828634581,Enquiry
Navaneethan Pillai,8911462457,Enquiry
Gopal Saxena,6997894878,Channel Partner
Sneha Sundaram,9212770756,Site Visit
Dinesh Kulkarni,9247215278,Channel Partner
Vivaan Chatterjee,6843330740,Enquiry
Pooja Roy,8672624980,Site Visit
Vihaan Narayanan,9333626590,Enquiry
Anika Naidu,7203639711,Site Visit
Siddharth Yadav,7298468446,Site Visit
Siddharth Malhotra,7618166384,Buyer
Nisha Krishnan,9041888172,Channel Partner
Rahul Gupta,7452646842,Enquiry
Neha Kulkarni,6781312842,Channel Partner
Ganesh Singh,7794450106,Channel Partner
Sneha Pillai,8028744564,Enquiry
Krishna Pandey,7053666440,Buyer
Riya Verma,6528009419,Site Visit
Sai Shetty,6818597003,Enquiry
Sneha Narayanan,9323748121,Buyer
Azhagu Reddy,8965687203,Channel Partner
Karthik Balaji,8367606524,Channel Partner
Ananya Balaji,7178619734,Site Visit
Vasudevan Bose,8856438883,Enquiry
Ananya Joshi,8195562897,Enquiry
Rohan Roy,6988004213,Channel Partner
Aarav Gupta,8295498411,Buyer
Tanvi Venkatesh,6096984637,Buyer
Pooja Saxena,7620251464,Site Visit
Aditya Singh,9925586537,Enquiry
Meera Verma,9062565801,Channel Partner
Janani Jain,9686939344,Buyer
Nisha Pillai,8834952496,Site Visit
Azhagu Saxena,9076296959,Channel Partner
Ishita Kapoor,7949585817,Buyer
Arjun Iyer,6501801412,Site Visit
Vivaan Sharma,8503969410,Channel Partner
Reyansh Arora,8309521719,Site Visit
Diya Pandey,9870657802,Enquiry
Naveen Chauhan,6819337955,Buyer
Meera Kapoor,9053549310,Site Visit
Diya Menon,9620550955,Enquiry
Azhagu Ramaswamy,9503937191,Site Visit
Pranav Chatterjee,8648949023,Site Visit
Sai Bose,7479285447,Site Visit
Suresh Kapoor,6863557208,Site Visit
Kavya Balaji,7211764545,Channel Partner
Pranav Verma,7129708421,Site Visit
Riya Saxena,7862445583,Enquiry
Tanvi Balaji,8927089058,Buyer
Neha Bose,6154902533,Buyer
Siddharth Bose,7894547345,Site Visit
Karthik Sundaram,7260051841,Buyer
Azhagu Mukherjee,8227697631,Enquiry
Ishaan Nair,9297495674,Buyer
Suresh Singh,8044864264,Channel Partner
Shreya Arora,8377483982,Channel Partner
Sai Mehta,6794503275,Site Visit
Hari Sundaram,6244513243,Channel Partner
Vihaan Krishnan,7273023469,Enquiry
Rohan Mukherjee,9392256430,Enquiry
Ishaan Gupta,7642151581,Enquiry
Gopal Ramaswamy,9711754053,Site Visit
Aarav Kapoor,7462011894,Channel Partner
Tanvi Narayanan,6193408146,Site Visit
Anand Krishnan,9559747675,Enquiry
Azhagu Jain,9951414290,Enquiry
Priya Sundaram,6137321120,Buyer
Reyansh Chauhan,6683226180,Buyer
Pranav Patel,9975780964,Buyer
Ananya Venkatesh,8826541466,Buyer
Ananya Das,7478301914,Site Visit
Ayaan Gupta,9912604378,Site Visit
Shreya Singh,9424956873,Site Visit
Krishna Narayanan,9495056105,Site Visit
Siddharth Sharma,7915346110,Enquiry
Ayaan Chauhan,9671371194,Enquiry
Riya Kapoor,8221799552,Enquiry
Hari Joshi,6406846907,Channel Partner
Ishaan Chatterjee,8840130027,Channel Partner
Hari Joshi,8133735134,Enquiry
Divya Aggarwal,9175127445,Channel Partner
Rahul Patel,9954648400,Channel Partner
Lakshmi Sundaram,9006905517,Buyer
Naveen Kulkarni,6664247883,Channel Partner
Ishaan Sundaram,9720747934,Buyer
Aarav Mukherjee,7209986285,Channel Partner
Diya Menon,9226980712,Site Visit
Rahul Menon,8115064540,Buyer
Hari Aggarwal,9869264412,Channel Partner
Arjun Rao,7709984342,Channel Partner
Vikram Sharma,8878533614,Channel Partner
Nisha Chatterjee,7998026903,Site Visit
Harish Mukherjee,7879474324,Enquiry
Hari Saxena,8194504814,Enquiry
Suresh Balaji,8873984325,Channel Partner
Arjun Arora,7182155274,Channel Partner
Reyansh Roy,7967181685,Enquiry
Aadhya Malhotra,6829195977,Buyer
Krishna Venkatesh,8210968278,Site Visit
Rahul Ramaswamy,9077836894,Enquiry
Ishita Tripathi,9724627367,Site Visit
Myra Singh,8352547168,Buyer
Ira Roy,8553608464,Buyer
Hari Mehta,9324047729,Channel Partner
Ananya Sundaram,8610725346,Buyer
Naveen Iyer,9106346502,Buyer
Krishna Subramanian,7830780084,Site Visit
Akash Sundaram,9623544006,Enquiry
Meera Subramanian,7752772693,Buyer
Saanvi Narayanan,8307919366,Site Visit
Pranav Bhat,6148721296,Site Visit
Vikram Mukherjee,7138500903,Enquiry
Lakshmi Nair,9517549456,Channel Partner
Ananya Kapoor,9796048364,Channel Partner
Akash Narayanan,6673021503,Site Visit
Shreya Malhotra,8491810458,Buyer
Suresh Chauhan,7767032616,Enquiry
Aadhya Verma,7502141043,Enquiry
Priya Rao,6509845936,Site Visit
Myra Tripathi,6415586638,Channel Partner
Pranav Joshi,6937588251,Channel Partner
Ishita Sharma,7015972468,Channel Partner
Neha Joshi,7640047310,Channel Partner
Aarav Arora,7361972385,Enquiry
Rahul Menon,8272039281,Enquiry
Anika Subramanian,8066049648,Buyer
Dinesh Kapoor,9981933592,Buyer
Azhagu Kapoor,9172918076,Site Visit
Siddharth Gupta,8103321145,Enquiry
Nisha Reddy,6553621743,Buyer
Vasudevan Sundaram,7843514866,Site Visit
Shreya Kumar,8135519167,Site Visit
Ishita Balaji,6481089183,Buyer
Aditya Joshi,9665244274,Buyer
Hari Mehta,8622257621,Channel Partner
Krishna Nair,6722023713,Site Visit
Ayaan Reddy,6472848963,Site Visit
Janani Reddy,7710758863,Enquiry
Reyansh Balaji,7271882843,Enquiry
Diya Tripathi,6411654819,Buyer
Rahul Naidu,8436698180,Channel Partner
Harish Joshi,7210994600,Buyer
Navaneethan Saxena,8001187351,Site Visit
Navaneethan Reddy,9801277826,Buyer
Diya Subramanian,6902573549,Channel Partner
Riya Kapoor,7664933165,Buyer
Aadhya Yadav,7070003524,Buyer
Nisha Pandey,7627781618,Channel Partner
Gopal Subramanian,9247739946,Site Visit
Aadhya Sharma,7404186534,Enquiry
Nisha Narayanan,7869464903,Enquiry
Ayaan Shetty,6678625920,Site Visit
Ganesh Nair,7484837332,Site Visit
Sai Pillai,8549008670,Buyer
Aadhya Nair,6456372060,Channel Partner
Naveen Arora,9269520457,Buyer
Sneha Singh,8149238767,Buyer
Myra Joshi,6934408962,Site Visit
Sai Jain,9780842521,Enquiry
Ramesh Das,9113728950,Channel Partner
Meera Reddy,7460515853,Site Visit
Vasudevan Chatterjee,7552533608,Channel Partner
Nisha Patel,9606936897,Enquiry
Rohan Bose,8516068472,Channel Partner
Nisha Das,7468315683,Channel Partner
Kavya Malhotra,8123017242,Site Visit
Anika Nair,8082553333,Site Visit
Vikram Arora,6869672539,Enquiry
Vikram Venkatesh,6526218375,Site Visit
Janani Singh,8984998971,Buyer
Harish Bhat,7091720182,Channel Partner
Anand Ramaswamy,7349738713,Channel Partner
Gopal Chauhan,7411571078,Enquiry
Azhagu Chatterjee,7573532540,Channel Partner
Rahul Subramanian,9083279808,Enquiry
Sai Subramanian,8955504128,Channel Partner
Anika Roy,6218353724,Site Visit
Anika Gupta,9659352082,Buyer
Lakshmi Kumar,9977571905,Site Visit
Krishna Aggarwal,7745700900,Enquiry
Karthik Ramaswamy,9533974643,Site Visit
Navaneethan Arora,9741544955,Buyer
Naveen Menon,6645710864,Enquiry
Aarav Singh,6531163438,Site Visit
Divya Shetty,9593358163,Enquiry
Azhagu Menon,9573856076,Channel Partner
Vikram Mukherjee,7110574999,Channel Partner
Priya Balaji,7827225548,Channel Partner
Tanvi Verma,8055953469,Site Visit
Hari Aggarwal,7167781530,Site Visit
Riya Saxena,9287357760,Site Visit
Saanvi Malhotra,7563134564,Enquiry
Dinesh Shetty,7303690260,Site Visit
Ramesh Saxena,9703720755,Enquiry
Aditya Bose,7371287442,Buyer
Rohan Chauhan,9577981578,Enquiry
Ganesh Saxena,9902074360,Buyer
Ananya Subramanian,8856790002,Channel Partner
Meera Pandey,6171596179,Channel Partner
Ganesh Patel,9366563155,Channel Partner
Navaneethan Shetty,8251361799,Buyer
Sai Mukherjee,9896469366,Channel Partner
Vikram Aggarwal,6053413395,Site Visit
Ananya Aggarwal,8012871630,Buyer
Navaneethan Mehta,7579918199,Channel Partner
Aadhya Mukherjee,6667280821,Enquiry
Sai Kumar,8961007449,Channel Partner
Myra Chauhan,7485475786,Buyer
Riya Jain,9264378224,Channel Partner
Ramesh Narayanan,9204605765,Enquiry
Aarav Sundaram,8612529222,Channel Partner
Vikram Menon,7576626521,Site Visit
Suresh Saxena,9117387208,Channel Partner
Divya Bhat,7337956181,Site Visit
Vasudevan Jain,7636456738,Buyer
Pranav Patel,8853231894,Enquiry
Tanvi Patel,7688081647,Site Visit
Sneha Naidu,9281370661,Enquiry
Ramesh Chauhan,7710221804,Site Visit
Anand Iyer,8187595971,Enquiry
Shreya Arora,6901562182,Buyer
Ira Pandey,8302819855,Channel Partner
Sneha Jain,6316553290,Enquiry
Karthik Shetty,7593385747,Buyer
Hari Pandey,8828487319,Site Visit
Arjun Bose,8225078951,Channel Partner
Shreya Das,9179899675,Buyer
Myra Mukherjee,9004426377,Site Visit
Sai Shetty,8891377623,Site Visit
Azhagu Kumar,9611446471,Site Visit
Ishaan Chatterjee,7300975626,Enquiry
Pranav Sundaram,6714645009,Buyer
Anika Kulkarni,7456304489,Channel Partner
Ananya Saxena,7082843521,Buyer
Priya Nair,7054682045,Enquiry
Ramesh Menon,9531933776,Site Visit
Aarav Singh,9880521860,Enquiry
Krishna Ramaswamy,8111096665,Site Visit
Ramesh Aggarwal,8153056538,Buyer
Shreya Saxena,7372289609,Site Visit
Sneha Reddy,7751360825,Enquiry
Akash Malhotra,9368539538,Buyer
Dinesh Yadav,9768739556,Enquiry
Sneha Sundaram,8190947434,Enquiry
Anand Joshi,9203451765,Buyer
Aadhya Chauhan,8460106611,Site Visit
Ramesh Nair,7363951242,Channel Partner
Aarav Shetty,7144836168,Enquiry
Diya Subramanian,9726423859,Site Visit
Akash Reddy,6981484016,Site Visit
Kavya Gupta,6917418753,Buyer
Shreya Aggarwal,6351101887,Enquiry
Vihaan Pandey,9162838811,Enquiry
Anika Chauhan,6895148817,Enquiry
Ramesh Chatterjee,9850611322,Buyer
Anand Kapoor,6692430751,Channel Partner
Kavya Rao,7787183452,Site Visit
Vivaan Yadav,9002811255,Enquiry
Meera Gupta,7630839299,Buyer
Vikram Gupta,7137810998,Site Visit
Saanvi Kumar,6352983840,Buyer
Anand Menon,7035400086,Channel Partner
Riya Mehta,8943438989,Site Visit
Akash Kapoor,9345873192,Enquiry
Priya Tripathi,8013934715,Channel Partner
Riya Venkatesh,8030660677,Site Visit
Aditya Iyer,8697739551,Enquiry
Karthik Gupta,6491103614,Channel Partner
Dinesh Menon,8546658912,Site Visit
Pooja Nair,7704718153,Enquiry
Janani Mukherjee,8208883641,Site Visit
Siddharth Verma,8955198434,Channel Partner
Ishita Malhotra,9973526183,Buyer
Akash Pillai,7492092633,Channel Partner
Ganesh Malhotra,8515165051,Enquiry
Hari Subramanian,6025255923,Channel Partner
Gopal Reddy,9753074007,Enquiry
Ganesh Sundaram,6317344966,Channel Partner
Tanvi Chauhan,9222657398,Enquiry
Ishita Kumar,7511037479,Enquiry
Pooja Gupta,8236279481,Site Visit
Aadhya Chatterjee,7260415674,Enquiry
Aarav Kulkarni,8404341761,Channel Partner
Vivaan Kulkarni,9378301937,Channel Partner
Nisha Kapoor,7799713394,Site Visit
Dinesh Naidu,9821007971,Buyer
Ira Bose,8129269082,Buyer
Vasudevan Naidu,7224651431,Channel Partner
Arjun Tripathi,9346597513,Enquiry
Riya Pandey,7337740592,Site Visit
Harish Kulkarni,9387388416,Enquiry
Anand Bhat,8569663952,Site Visit
Suresh Sharma,6931833239,Enquiry
Rahul Naidu,9734060367,Enquiry
Neha Mehta,7841579769,Site Visit
Ishita Krishnan,6682216221,Channel Partner
Anand Singh,7295618485,Site Visit
Anika Saxena,8429998409,Buyer
Navaneethan Ramaswamy,6923885778,Buyer
Janani Krishnan,9768878448,Enquiry
Sai Roy,7130899315,Enquiry
Meera Chatterjee,9977376303,Enquiry
Neha Aggarwal,7910369370,Buyer
Ishaan Tripathi,7351396359,Channel Partner
Hari Rao,9163593949,Site Visit
Rohan Verma,7231433408,Enquiry
Suresh Krishnan,9912561107,Channel Partner
Pranav Balaji,6277469766,Channel Partner
Pranav Pandey,6491213247,Buyer
Reyansh Saxena,7119543276,Channel Partner
Myra Pillai,9579260378,Enquiry
Aadhya Singh,6123165955,Site Visit
Suresh Kulkarni,7785244063,Enquiry
Tanvi Roy,6721155851,Site Visit
Dinesh Kapoor,8108699346,Enquiry
Sneha Joshi,6016389273,Buyer
Navaneethan Naidu,6590483793,Site Visit
Ira Saxena,8743600712,Site Visit
Tanvi Aggarwal,7596410141,Enquiry
Neha Singh,8082289687,Channel Partner
Siddharth Chatterjee,9072560378,Buyer
Anand Shetty,7419697432,Site Visit
Azhagu Kumar,7072630365,Buyer
Pranav Arora,9027833384,Site Visit
Rohan Kulkarni,7053644972,Channel Partner
Janani Verma,8761468017,Channel Partner
Krishna Tripathi,7073356693,Buyer
Dinesh Ramaswamy,6659182871,Site Visit
Vivaan Naidu,7373753623,Channel Partner
Ananya Ramaswamy,8602685078,Site Visit
Ramesh Nair,7456980137,Enquiry
Vivaan Pandey,9841748311,Site Visit
Suresh Subramanian,6250824319,Channel Partner
Ananya Aggarwal,7631930086,Enquiry
Riya Jain,6095441733,Channel Partner
Divya Das,8624833568,Enquiry
Krishna Chatterjee,9116697037,Buyer
Vivaan Roy,8675962083,Site Visit
Priya Jain,8702711595,Site Visit
Saanvi Kumar,6597434720,Site Visit
Pooja Pillai,8329247563,Enquiry
Ananya Jain,8152088431,Site Visit
Riya Iyer,8717209297,Buyer
Ishita Gupta,6292033900,Site Visit
Lakshmi Sundaram,7712138618,Site Visit
Arjun Kulkarni,8086829041,Enquiry
Vasudevan Balaji,8415724269,Buyer
Vasudevan Pandey,9160910316,Buyer
Neha Sundaram,7206300933,Buyer
Kavya Saxena,9839449587,Buyer
Karthik Saxena,6696852085,Site Visit
Akash Pillai,6276060328,Buyer
Ishaan Malhotra,7954255716,Buyer
Riya Singh,8949832063,Enquiry
Rohan Shetty,6861057122,Channel Partner
Saanvi Sundaram,7664930130,Channel Partner
Anika Menon,8355711415,Enquiry
Azhagu Iyer,9732308705,Site Visit
Vasudevan Krishnan,8182275389,Channel Partner
Tanvi Malhotra,7225147751,Enquiry
Kavya Yadav,6179819454,Enquiry
Neha Malhotra,7720740962,Enquiry
Dinesh Gupta,8373617428,Channel Partner
Ishaan Venkatesh,7235285368,Enquiry
Vivaan Bose,9617246397,Enquiry
Ganesh Joshi,8864678855,Enquiry
Meera Singh,6433192571,Enquiry
Divya Yadav,9687413037,Enquiry
Ishaan Patel,9684672207,Channel Partner
Dinesh Chatterjee,9036860994,Site Visit
Anika Bose,9717820269,Buyer
Myra Arora,8149510979,Enquiry
Ishaan Arora,9928493344,Buyer
Anika Joshi,7070012089,Site Visit
Divya Tripathi,8680466838,Channel Partner
Vikram Mehta,6155775591,Enquiry
Lakshmi Joshi,7122480561,Site Visit
Shreya Singh,6331152469,Site Visit
Aadhya Sundaram,9868589574,Site Visit
Aarav Iyer,7454131066,Enquiry
Ira Mukherjee,9056440212,Channel Partner
Ira Mehta,8580072646,Enquiry
Dinesh Pillai,6941718670,Channel Partner
Vikram Krishnan,8060444384,Site Visit
Ganesh Sharma,7279055207,Channel Partner
Ishita Das,9145912597,Enquiry
Navaneethan Gupta,6982719036,Site Visit
Janani Menon,6060436831,Enquiry
Pooja Iyer,6442039174,Enquiry
Suresh Balaji,8029439466,Buyer
Vihaan Yadav,6947426874,Channel Partner
Saanvi Malhotra,8843351688,Channel Partner
Gopal Jain,9711546167,Channel Partner
Gopal Aggarwal,8165669371,Channel Partner
Aditya Pandey,8177514230,Enquiry
Suresh Kapoor,8169503105,Buyer
Ishita Das,8129205094,Buyer
Krishna Venkatesh,6645592723,Enquiry
Vihaan Roy,8484992187,Channel Partner
Saanvi Arora,6554308526,Site Visit
Priya Menon,7235126704,Buyer
Naveen Iyer,8160250488,Channel Partner
Divya Pillai,6258756987,Site Visit
Sai Sundaram,6005184022,Channel Partner
Reyansh Balaji,8342461163,Channel Partner
Dinesh Krishnan,9306313812,Enquiry
Ganesh Sharma,6055859075,Site Visit
Ayaan Yadav,6614602351,Channel Partner
Harish Tripathi,9710524816,Site Visit
Aarav Malhotra,9861958570,Site Visit
Dinesh Kapoor,7408016120,Site Visit
Janani Kumar,8350253645,Enquiry
Pooja Sundaram,9802915856,Enquiry
Azhagu Mukherjee,8947198029,Enquiry
Anand Jain,8058053439,Enquiry
Nisha Narayanan,8919192147,Enquiry
Janani Yadav,8659488906,Buyer
Tanvi Kumar,9286723839,Site Visit
Aarav Naidu,9257598233,Site Visit
Shreya Singh,6906871524,Channel Partner
Arjun Chauhan,6650405635,Enquiry
Reyansh Yadav,8817880371,Enquiry
Janani Balaji,8695049533,Channel Partner
Diya Menon,7387784449,Channel Partner
Myra Mukherjee,8773451505,Enquiry
Naveen Venkatesh,7959657412,Site Visit
Reyansh Mukherjee,7378093654,Channel Partner
Ganesh Mehta,9617400285,Enquiry
Ananya Das,9211418789,Site Visit
Ananya Singh,7834501796,Channel Partner
Naveen Venkatesh,7339046106,Site Visit
Azhagu Pandey,7623950820,Site Visit
Sneha Kapoor,7541340301,Channel Partner
Anika Sundaram,9434204209,Enquiry
Karthik Mehta,6224929418,Enquiry
Rahul Rao,9775031263,Enquiry
Neha Mukherjee,6843681861,Site Visit
Ganesh Saxena,6287441787,Site Visit
Aarav Saxena,7099296439,Buyer
Rohan Rao,7604717059,Channel Partner
Priya Kapoor,8295612850,Buyer
Vasudevan Das,7543600741,Channel Partner
Navaneethan Malhotra,7862496924,Enquiry
Karthik Verma,8017115307,Enquiry
Akash Bhat,8596402469,Enquiry
Suresh Narayanan,8482569647,Channel Partner
Myra Tripathi,6039107669,Site Visit
Nisha Menon,8420639995,Buyer
Saanvi Singh,9803191475,Enquiry
Riya Sundaram,6128043834,Site Visit
Aditya Bhat,9410769701,Site Visit
Saanvi Kapoor,6822178461,Site Visit
Vihaan Menon,7388660561,Buyer
Janani Shetty,7268714189,Enquiry
Anand Joshi,6243297789,Site Visit
Kavya Pillai,6598661719,Site Visit
Krishna Iyer,7219550762,Enquiry
Sneha Kulkarni,8798728187,Channel Partner
Ishaan Arora,6840163367,Enquiry
Ganesh Das,6464196632,Buyer
Neha Jain,7304275177,Enquiry
Ganesh Balaji,6126626100,Enquiry
Suresh Venkatesh,6249411985,Enquiry
Gopal Verma,8684562622,Channel Partner
Sneha Iyer,7817678868,Enquiry
Karthik Yadav,8412231306,Channel Partner
Aadhya Naidu,8562856229,Site Visit
Ira Aggarwal,8902597425,Enquiry
Rahul Das,6093713446,Enquiry
Anika Pandey,9727527644,Buyer
Krishna Pillai,8422021037,Site Visit
Akash Saxena,7074953442,Site Visit
Vihaan Venkatesh,8255693255,Buyer
Pooja Joshi,9359514823,Buyer
Ganesh Chauhan,6924689531,Buyer
Pooja Naidu,6437461126,Site Visit
Kavya Ramaswamy,9761706639,Enquiry
Janani Iyer,6760062769,Buyer
Ganesh Nair,6104650552,Buyer
Anand Singh,6117160241,Buyer
Ganesh Aggarwal,6130608450,Channel Partner
Tanvi Iyer,9347262672,Site Visit
Nisha Aggarwal,9998182787,Site Visit
Ishita Mehta,8896972632,Enquiry
Arjun Kumar,9115591177,Enquiry
Priya Venkatesh,6932774465,Site Visit
Vivaan Saxena,9150248909,Enquiry
Aarav Tripathi,9574103868,Site Visit
Vivaan Sharma,7513134044,Channel Partner
Naveen Chauhan,8150302996,Channel Partner
Anika Bose,7779314061,Enquiry
Anand Aggarwal,6071676221,Channel Partner
Sneha Ramaswamy,8756792161,Enquiry
Vasudevan Ramaswamy,6269772884,Channel Partner
Diya Mehta,8720429306,Channel Partner
Meera Kumar,6179100518,Buyer
Vivaan Balaji,9412499926,Buyer
Sneha Patel,9221115712,Enquiry
Arjun Naidu,9123047419,Enquiry
Ira Roy,8339089191,Channel Partner
Meera Singh,9049457711,Site Visit
Nisha Bose,6426796360,Channel Partner
Sneha Rao,6284546011,Buyer
Krishna Yadav,7508757917,Buyer
Pranav Verma,7101729466,Site Visit
Ishita Roy,8388780418,Site Visit
Vihaan Yadav,8261496912,Site Visit
Siddharth Das,7297184780,Channel Partner
Sneha Bhat,8002503460,Buyer
Sai Kumar,6198720788,Buyer
Ananya Roy,6580564091,Buyer
Shreya Pandey,7497651057,Enquiry
Ishita Naidu,9059476325,Site Visit
Diya Roy,9812738720,Buyer
Pooja Joshi,7636902364,Site Visit
Anika Subramanian,6281064290,Buyer
Priya Verma,6955933280,Buyer
Pranav Kulkarni,8965240999,Site Visit
Reyansh Rao,8035799820,Enquiry
Meera Iyer,6173845785,Site Visit
Azhagu Mukherjee,8209002862,Channel Partner
Gopal Nair,9153274294,Site Visit
Divya Verma,6952623709,Enquiry
Riya Naidu,6548095375,Buyer
Ishaan Jain,8665714590,Channel Partner
Ganesh Sharma,8705905069,Channel Partner
Lakshmi Mehta,6715429489,Channel Partner
Gopal Sundaram,9677720032,Buyer
Vihaan Pandey,8399291688,Channel Partner
Ishita Chatterjee,7598786734,Enquiry
Hari Kulkarni,8980765261,Channel Partner
Rohan Kumar,9778777385,Channel Partner
Lakshmi Mehta,6147392838,Channel Partner
Karthik Pillai,7399773141,Channel Partner
Vivaan Krishnan,9116793849,Channel Partner
Meera Saxena,9416790061,Enquiry
Anika Tripathi,9241640615,Enquiry
Vivaan Verma,8888610979,Enquiry
Vivaan Sundaram,9452446805,Buyer
Ishita Mehta,7378598311,Site Visit
Aditya Balaji,9606215936,Site Visit
Tanvi Pandey,9578686926,Channel Partner
Ananya Menon,7155013446,Buyer
Vikram Bose,6726186043,Buyer
Rohan Iyer,6912028484,Buyer
Divya Aggarwal,6188869644,Site Visit
Anand Yadav,6450811786,Channel Partner
Dinesh Sharma,7470021381,Enquiry
Divya Sundaram,8956588099,Enquiry
Krishna Naidu,8129736695,Enquiry
Hari Menon,9167098614,Site Visit
Shreya Ramaswamy,7646713440,Channel Partner
Krishna Bose,9226982821,Channel Partner
Ishaan Bose,8684458809,Buyer
Ishita Menon,6044499263,Site Visit
Kavya Tripathi,7420293063,Buyer
Saanvi Bose,6397431150,Enquiry
Aadhya Mukherjee,8232418148,Enquiry
Vasudevan Aggarwal,6189025456,Enquiry
Tanvi Patel,6580800160,Enquiry
Akash Joshi,9917789660,Channel Partner
Harish Gupta,6471503452,Site Visit
Janani Reddy,6365814162,Channel Partner
Aadhya Sharma,9762966514,Channel Partner
Janani Gupta,7988318769,Channel Partner
Ananya Saxena,9333889269,Enquiry
Aarav Ramaswamy,6817754839,Site Visit
Divya Rao,8492317794,Channel Partner
Janani Ramaswamy,7950964486,Site Visit
Neha Roy,7481591238,Site Visit
Hari Malhotra,6574120066,Site Visit
Ayaan Kapoor,6333381494,Enquiry
Rahul Kumar,9521588375,Enquiry
Rahul Krishnan,9579240401,Site Visit
Navaneethan Menon,6928489060,Enquiry
Tanvi Venkatesh,8185571588,Enquiry
Arjun Joshi,8004359075,Site Visit
Azhagu Verma,7245544669,Channel Partner
Reyansh Bose,7736891737,Site Visit
Ayaan Pillai,8051834242,Enquiry
Krishna Rao,7243549180,Enquiry
Neha Chauhan,8094382969,Buyer
Pooja Kumar,6161860193,Site Visit
Pooja Das,9491539282,Channel Partner
Ramesh Bose,6781165354,Buyer
Diya Rao,6359810864,Channel Partner
Ganesh Venkatesh,8730261571,Buyer
Anand Joshi,9564877559,Channel Partner
Gopal Venkatesh,9128538884,Channel Partner
Karthik Singh,8450322910,Buyer
Ramesh Singh,9228140445,Channel Partner
Tanvi Mehta,6854065661,Site Visit
Diya Kapoor,6284224318,Buyer
Siddharth Chatterjee,6065233172,Site Visit
Lakshmi Kulkarni,7885868646,Site Visit
Priya Naidu,6963475114,Channel Partner
Riya Mukherjee,6217779673,Buyer
Arjun Malhotra,9107797516,Enquiry
Myra Tripathi,6976815511,Buyer
Vihaan Kulkarni,9691466510,Channel Partner
Ishaan Sundaram,7719887280,Channel Partner
Tanvi Jain,8025862011,Site Visit
Ananya Kulkarni,9052908689,Site Visit
Harish Das,9885217537,Channel Partner
Vikram Iyer,9930986712,Channel Partner
Nisha Patel,8607994713,Site Visit
Ayaan Arora,9491823193,Channel Partner
Myra Yadav,7108115285,Channel Partner
Ramesh Kapoor,9212525937,Enquiry
Aarav Pillai,7280397771,Enquiry
Lakshmi Menon,8277910363,Site Visit
Ira Yadav,9112167722,Enquiry
Ayaan Balaji,8212806224,Site Visit
Ishaan Iyer,6116761747,Enquiry
Nisha Gupta,6884584840,Site Visit
Anika Pillai,6931628781,Site Visit
Akash Arora,7327391917,Channel Partner
Vasudevan Krishnan,6794629071,Enquiry
Ira Venkatesh,6430844493,Buyer
Sai Pandey,6998142403,Enquiry
Saanvi Krishnan,9903374265,Site Visit
Rohan Reddy,9422714336,Buyer
Sneha Kapoor,7203974038,Enquiry
Anika Subramanian,9196215509,Enquiry
Rohan Malhotra,9009752674,Enquiry
Sai Sharma,9842298273,Buyer
Vasudevan Krishnan,9249488893,Channel Partner
Harish Krishnan,9915699767,Channel Partner
Harish Chauhan,9564727757,Enquiry
Reyansh Krishnan,6756741755,Site Visit
Dinesh Venkatesh,9499037448,Site Visit
Aditya Pandey,9990388821,Buyer
Harish Menon,8499065055,Buyer
Ayaan Jain,6268377603,Enquiry
Harish Pandey,6941037138,Site Visit
Siddharth Gupta,7454309592,Enquiry
Azhagu Yadav,8783920968,Site Visit
Ganesh Venkatesh,7063399202,Buyer
Siddharth Chauhan,6215787642,Buyer
Myra Ramaswamy,6938278708,Channel Partner
Vivaan Shetty,8563179990,Buyer
Kavya Kulkarni,9303314678,Buyer
Riya Aggarwal,8253202225,Enquiry
Vikram Rao,7898807398,Enquiry
Saanvi Kapoor,7255165754,Site Visit
Vihaan Naidu,7513325437,Site Visit
Gopal Malhotra,7414559991,Channel Partner
Myra Narayanan,9286999880,Enquiry
Ishita Saxena,6496141726,Enquiry
Sneha Kumar,9851514050,Site Visit
Sai Shetty,7547846594,Enquiry
Hari Balaji,8224811570,Channel Partner
Naveen Mukherjee,8791651083,Buyer
Riya Nair,7977772798,Site Visit
Naveen Tripathi,8921601841,Site Visit
Janani Kumar,8727653545,Site Visit
Diya Malhotra,6562746789,Site Visit
Vikram Shetty,7498065933,Site Visit
Karthik Singh,9291706239,Channel Partner
Naveen Verma,9964512352,Buyer
Diya Arora,8581746680,Enquiry
Pooja Narayanan,6365276652,Enquiry
Tanvi Narayanan,7957075880,Channel Partner
Siddharth Tripathi,7751361568,Buyer
Diya Nair,8246471078,Buyer
Vasudevan Pandey,7426353953,Site Visit
Anika Mehta,8796262369,Enquiry
Anand Rao,8897663773,Site Visit
Krishna Bhat,6220586720,Buyer
Ishita Chatterjee,9423598812,Buyer
Naveen Bose,8866103953,Site Visit
Aditya Jain,9439281045,Channel Partner
Navaneethan Kapoor,7726638503,Buyer
Shreya Bose,8753040326,Channel Partner
Saanvi Bose,9722228837,Site Visit
Azhagu Roy,7596878581,Channel Partner
Aarav Chatterjee,8676869634,Channel Partner
Vivaan Tripathi,7853567465,Site Visit
Neha Kulkarni,6121580953,Channel Partner
Rohan Kumar,8808623903,Site Visit
Janani Ramaswamy,6791348337,Site Visit
Ishita Malhotra,6315072921,Enquiry
Anika Chauhan,9355431652,Enquiry
Karthik Jain,7401591813,Enquiry
Anand Rao,6121816832,Buyer
Gopal Patel,7306338733,Enquiry
Gopal Jain,8664133769,Channel Partner
Reyansh Subramanian,6831254977,Site Visit
Anand Naidu,8982273424,Buyer
Dinesh Bose,8510435464,Enquiry
Vasudevan Narayanan,9021185687,Channel Partner
Priya Kapoor,6521053924,Buyer
Priya Tripathi,7924075329,Site Visit
Shreya Arora,6639593034,Site Visit
Arjun Singh,9950896610,Buyer
Suresh Yadav,9849582772,Buyer
Vikram Sundaram,9801186104,Channel Partner
Arjun Rao,8327510201,Buyer
Riya Kapoor,9611508489,Enquiry
Riya Verma,9923511548,Site Visit
Akash Patel,7404158490,Site Visit
Myra Yadav,6089585113,Enquiry
Anand Mukherjee,8209775041,Enquiry
Ira Ramaswamy,7825217209,Site Visit
Ishaan Balaji,7513512505,Enquiry
Aarav Tripathi,7265496014,Buyer
Vasudevan Rao,8814337545,Buyer
Sneha Iyer,9133260830,Buyer
Lakshmi Kulkarni,6170044642,Channel Partner
Riya Das,8205161130,Channel Partner
Dinesh Kumar,8734159239,Channel Partner
Vivaan Krishnan,9071659507,Buyer
Rahul Nair,7794356022,Buyer
Siddharth Ramaswamy,9373782005,Site Visit
Rohan Bhat,7169346355,Site Visit
Krishna Shetty,7461243567,Channel Partner
Reyansh Mukherjee,6438604076,Enquiry
Aadhya Chauhan,7974404228,Enquiry
Shreya Nair,6255554375,Channel Partner
Anika Saxena,6192955782,Channel Partner
Ira Rao,7628909287,Buyer
Rahul Yadav,8938342917,Buyer
Lakshmi Malhotra,6566481040,Buyer
Dinesh Reddy,7172562421,Buyer
Ramesh Joshi,8361508182,Buyer
Ananya Sharma,7621024804,Buyer
Aarav Naidu,9132143455,Site Visit
Meera Verma,6759358685,Enquiry
Arjun Kumar,8556617694,Channel Partner
Janani Tripathi,6094075916,Site Visit
Aadhya Balaji,7252583295,Channel Partner
Vikram Menon,9386426989,Channel Partner
Dinesh Joshi,9687260113,Channel Partner
Neha Kumar,7570028939,Channel Partner
Neha Verma,9677229791,Buyer
Anand Pillai,9096383872,Enquiry
Kavya Menon,6214807886,Enquiry
Ramesh Kumar,8235834366,Channel Partner
Reyansh Krishnan,9448936679,Channel Partner
Dinesh Mehta,8489055650,Enquiry
Priya Narayanan,8388692377,Site Visit
Neha Pillai,6353063760,Buyer
Rahul Jain,6537500738,Enquiry
Ishaan Jain,6783882733,Site Visit
Diya Saxena,9875138661,Buyer
Vikram Reddy,9364065667,Site Visit
Navaneethan Arora,7243297218,Buyer
Lakshmi Nair,8913534220,Enquiry
Lakshmi Ramaswamy,8793398006,Site Visit
Tanvi Balaji,6892965296,Channel Partner
Kavya Naidu,7484547864,Channel Partner
Neha Das,6448194317,Enquiry
Janani Chauhan,8398218296,Site Visit
Akash Bhat,9485349639,Buyer
Shreya Verma,9442115834,Site Visit
Reyansh Naidu,6264424157,Site Visit
Hari Bhat,8051385763,Enquiry
Shreya Chatterjee,9502456442,Buyer
Lakshmi Gupta,7170871214,Channel Partner
Sai Mukherjee,9023767559,Channel Partner
Azhagu Naidu,7069806808,Buyer
Anand Verma,6630876020,Buyer
Meera Bhat,7263207356,Channel Partner
Vikram Balaji,7559959846,Buyer
Ramesh Chauhan,9851882729,Channel Partner
Pooja Joshi,6349229160,Buyer
Myra Menon,9125117661,Site Visit
Aadhya Bose,7074553619,Enquiry
Arjun Roy,8701177161,Site Visit
Myra Ramaswamy,7130604079,Buyer
Aditya Bhat,9248354727,Channel Partner
Gopal Pillai,6769266243,Enquiry
Aarav Jain,8750072831,Enquiry
Aadhya Bhat,9487703228,Channel Partner
Karthik Saxena,7128117889,Buyer
Ishaan Mehta,6454048738,Channel Partner
Hari Malhotra,6581177624,Site Visit
Ramesh Ramaswamy,9671621878,Enquiry
Myra Kapoor,8887967512,Site Visit
Gopal Sharma,6693666476,Site Visit
Rohan Bhat,9735495313,Enquiry
Diya Krishnan,6974189446,Enquiry
Dinesh Sharma,9765000380,Site Visit
Aditya Yadav,7809889433,Channel Partner
Navaneethan Bose,6624494538,Buyer
Janani Pillai,8094270803,Buyer
Ananya Krishnan,8961368641,Buyer
Aadhya Balaji,9898660982,Enquiry
Ananya Malhotra,9426820552,Site Visit
Kavya Balaji,8061402525,Enquiry
Kavya Ramaswamy,9368338891,Enquiry
Reyansh Pillai,6627955944,Site Visit
Diya Nair,6484006529,Site Visit
Diya Patel,8284835410,Buyer
Divya Sundaram,9021322936,Buyer
Ayaan Bose,9264243166,Buyer
Pranav Kumar,6022768040,Buyer
Tanvi Iyer,9989569477,Channel Partner
Akash Tripathi,7189440114,Enquiry
